,Physics Wallah,BYJU'S,Unacademy,upGrad,Vedantu,Imarticus Learning,QuantInsti,Simplilearn,Great Learning,Emeritus
2025,54.250000000000014,90.0,360.0,382.5,6.75,9.500000000000002,38.220000000000006,104.0,94.5,291.6
2026,168.44625000000002,279.45000000000005,1117.7999999999997,1187.6625,20.95875,29.497500000000006,118.6731,322.92,293.4225,905.418
2027,495.0448124999999,821.2724999999998,3285.089999999999,3490.408124999999,61.59543749999999,86.68987499999999,348.76705499999997,949.0259999999996,862.3361249999998,2660.9229
2028,905.9320068749998,1502.9286749999997,6011.714699999999,6387.44686875,112.719650625,158.64247125,638.2437106499999,1736.7175799999995,1578.0751087499998,4869.488906999999
2029,1541.8583222656243,2557.921640625,10231.686562499997,10871.166972656245,191.84412304687496,270.00283984374994,1086.2640567187495,2955.8205624999987,2685.8177226562498,8287.666115625
2030,2635.15447723828,4371.684847031247,17486.739388124992,18579.6605998828,327.87636352734364,461.4556227421873,1856.5088317059367,5051.724712124998,4590.26908938281,14164.258904381244
