,Physics Wallah,BYJU'S,Unacademy,upGrad,Vedantu,Imarticus Learning,QuantInsti,Simplilearn,Great Learning,Emeritus
2025,1.9375000000000004,3.6,12.0,12.375000000000004,0.243,0.361,1.5288,3.6,3.15,9.18
2026,6.900600000000002,12.82176,42.739200000000004,44.07480000000001,0.8654688000000001,1.2857376,5.444974080000002,12.821760000000001,11.219040000000001,32.695488000000005
2027,21.846379520000006,40.591982592000015,135.30660864000004,139.53494016000005,2.7399588249600013,4.070473809920001,17.238061940736007,40.59198259200001,35.517984768000005,103.50955560960004
2028,48.63004081152002,90.35775324979203,301.1925108326401,310.60477679616014,6.099148344360962,9.060874700881921,38.37192588007835,90.35775324979204,79.06303409356802,230.4122707869697
2029,96.2226407523943,178.78787443025521,595.9595814341841,614.5833183540022,12.06818152404223,17.928450741478372,75.92525067471506,178.78787443025524,156.43939012647334,455.9090797971509
2030,182.77683056198805,339.6111432377584,1132.0371441258612,1167.4133048797944,22.92375216854869,34.05545075245299,144.22153216163474,339.61114323775837,297.1597503330386,866.0084152562838
